{"cameraMode":{"drawMode":0,"name":"Shaded","section":"Shading Mode"},"sceneLighting":true,"audioPlay":false,"sceneViewState":{"m_AlwaysRefresh":false,"showFog":true,"showSkybox":true,"showFlares":true,"showImageEffects":true,"showParticleSystems":true,"showVisualEffectGraphs":true,"m_FxEnabled":true},"in2DMode":false,"pivot":{"x":150.63075256347657,"y":34.661956787109378,"z":-28.82841682434082},"rotation":{"x":-0.05126665160059929,"y":-0.7394633889198303,"z":-0.05667951703071594,"w":0.6688454747200012},"size":18.635860443115236,"orthographic":false}